,Customer_ID,First_Name,Last_Name,Gender,Age,Email,Phone,City,State,Product,Category,Quantity,Unit_Price,Order_Date,Customer_Rating
0,C0001,Karan,Soni,Male,47.0,customer1@gmail.com,9823315092.0,Surat,Gujarat,Desk,Furniture,4.0,9000.0,2026-04-13,3.0
1,C0002,Rahul,Joshi,Female,29.0,customer2@gmail.com,9898409749.0,Bhavnagar,Gujarat,Desk,Furniture,3.0,9000.0,2026-02-22,4.0
2,C0003,Nisha,Dave,Male,39.0,customer3@gmail.com,9840349564.0,Vadodara,Gujarat,Chair,Furniture,2.0,7000.0,2026-03-30,3.0
3,C0004,Pooja,Mehta,Female,46.0,customer4@gmail.com,9875285250.0,Surat,Gujarat,Keyboard,Electronics,2.0,1500.0,2026-02-20,1.0
4,C0005,Komal,Patel,Male,22.0,customer5@gmail.com,9854738553.0,Vadodara,Gujarat,Desk,Furniture,2.0,9000.0,2026-01-09,5.0
5,C0006,Meera,Mehta,Male,46.0, customer6@gmail.com ,9898883975.0,Vadodara,Gujarat,Mouse,Electronics,4.0,800.0,2026-06-24,1.0
6,C0007,Rahul,Dave,Female,22.0,customer7@gmail.com,9810271836.0,Ahmedabad,Gujarat,Monitor,Electronics,2.0,12000.0,2026-05-26,4.0
7,C0008,Aditya,Dave,Female,54.0,customer8@gmail.com,9865105831.0,Vadodara,Gujarat,Mouse,Electronics,2.0,800.0,2026-03-23,2.0
8,C0009,Riya,Shah,Male,47.0,customer9@gmail.com,9887897542.0,Bhavnagar,Gujarat,Laptop,Electronics,4.0,55000.0,2026-01-09,4.0
9,C0010,Neha,Shah,Female,35.0,customer10@gmail.com,9862441466.0,Surat,Gujarat,Tablet,Electronics,3.0,22000.0,2026-01-05,2.0
10,C0011,Amit,Shah,Male,25.0,customer11@gmail.com,9814545583.0,Vadodara,Gujarat,Laptop,Electronics,4.0,55000.0,2026-05-31,3.0
11,C0012,Priya,Dave,Male,53.0,customer12@gmail.com,9832178434.0,Surat,Gujarat,Monitor,Electronics,3.0,12000.0,2026-01-01,2.0
12,C0013,Dev,Mehta,Male,38.241610738255034,customer13@gmail.com,9870736972.0,Ahmedabad,Gujarat,Desk,Furniture,3.0,9000.0,2026-06-28,4.0
13,C0014,Manav,Joshi,Male,48.0,customer14@gmail.com,9876834972.0,Bhavnagar,Gujarat,Headphones,Electronics,4.0,2500.0,2026-02-05,3.0
14,C0015,Hetal,Shah,Female,20.0,customer15@gmail.com,9860441204.0,Bhavnagar,Gujarat,Keyboard,Electronics,4.0,1500.0,2026-05-14,4.0
15,C0016,Nisha,Mehta,Female,38.0,customer16@gmail.com,9863892568.0,Surat,Gujarat,Monitor,Electronics,4.0,12000.0,2026-05-09,3.0
16,C0017,Meera,Dave,Male,31.0,customer17@gmail.com,9856159303.0,Surat,Gujarat,Chair,Furniture,1.0,7000.0,2026-06-04,5.0
17,C0018,Sneha,Shah,Male,42.0,customer18@gmail.com,9895382256.0,Surat,Gujarat,Laptop,Electronics,3.0,55000.0,2026-03-03,2.0
18,C0019,Priya,Shah,Male,20.0,customer19@gmail.com,9834210512.0, rajkot ,Gujarat,Monitor,Electronics,4.0,12000.0,2026-04-23,2.0
19,C0020,Yash,Dave,Male,50.0,customer20@gmail.com,9895447809.0,Rajkot,Gujarat,Monitor,Electronics,5.0,12000.0,2026-02-22,2.0
20,C0021,Arjun,Dave,Female,29.0,customer21@gmail.com,9816659908.0,Surat,Gujarat,Tablet,Electronics,4.0,22000.0,2026-04-26,3.0
21,C0022,Jay,Soni,Female,27.0,customer22@gmail.com,9872744322.0,Surat,Gujarat,Desk,Furniture,1.0,9000.0,2026-05-28,3.0
22,C0023,Khushi,Mehta,Male,44.0,customer23@gmail.com,9822984808.0,Surat,Gujarat,Monitor,Electronics,3.0,12000.0,2026-06-10,1.0
23,C0024,Neha,Mehta,Female,43.0,customer24@gmail.com,9890337039.0,Ahmedabad,Gujarat,Keyboard,Electronics,4.0,1500.0,2026-03-31,4.0
24,C0025,Priya,Soni,Male,20.0,customer25@gmail.com,9842797855.0,Vadodara,Gujarat,Monitor,Electronics,1.0,12000.0,2026-01-09,3.0
26,C0027,Isha,Dave,Male,53.0,customer27@gmail.com,9885092305.0,Bhavnagar,Gujarat,Tablet,Electronics,1.0,22000.0,2026-02-23,5.0
27,C0028,Komal,Soni,Female,51.0,customer28@gmail.com,9833508102.0,Rajkot,Gujarat,Laptop,Electronics,4.0,55000.0,2026-05-25,4.0
28,C0029,Yash,Dave,Male,40.0,customer29@gmail.com,9836365210.0,Bhavnagar,Gujarat,Keyboard,Electronics,3.0,1500.0,2026-01-27,5.0
29,C0030,Priya,Mehta,Male,46.0,customer30@gmail.com,9825900476.0,Rajkot,Gujarat,Chair,Furniture,1.0,7000.0,2026-02-17,4.0
30,C0031,Hetal,Soni,Female,35.0,customer31@gmail.com,9846998516.0,Vadodara,Gujarat,Keyboard,Electronics,1.0,1500.0,2026-01-06,4.0
31,C0032,Komal,Soni,Male,42.0,customer32@gmail.com,9852058334.0,SURAT,Gujarat,Laptop,Electronics,5.0,55000.0,2026-04-09,1.0
32,C0033,Neha,Patel,Female,39.0,customer33@gmail.com,9894574185.0,Rajkot,Gujarat,Monitor,Electronics,5.0,12000.0,2026-02-23,3.0
33,C0034,Harsh,Patel,Male,50.0,customer34@gmail.com,9820192257.0,Ahmedabad,Gujarat,Tablet,Electronics,2.0,22000.0,2026-01-17,1.0
34,C0035,Aditya,Soni,Male,44.0,customer35@gmail.com,9892008891.0,Ahmedabad,Gujarat,Keyboard,Electronics,5.0,1500.0,2026-05-15,4.0
35,C0036,Yash,Mehta,Female,19.0,customer36@gmail.com,9880286689.0,Vadodara,Gujarat,Headphones,Electronics,4.0,2500.0,2026-03-07,1.0
36,C0037,Sneha,Shah,Female,40.0,customer37@gmail.com,9836191539.0,Ahmedabad,Gujarat,Mouse,Electronics,5.0,800.0,2026-06-19,4.0
37,C0038,Pooja,Mehta,Male,26.0,customer38@gmail.com,9894890726.0,Vadodara,Gujarat,Headphones,Electronics,1.0,2500.0,2026-01-06,4.0
38,C0039,Mansi,Patel,Male,34.0,customer39@gmail.com,9854910237.0,Ahmedabad,Gujarat,Chair,Furniture,3.0,7000.0,2026-05-27,3.0
39,C0040,Ravi,Dave,Male,44.0,customer40@gmail.com,9846396424.0,Ahmedabad,Gujarat,Monitor,Electronics,2.0,12000.0,2026-05-20,1.0
40,C0041,Hetal,Dave,Male,19.0,customer41@gmail.com,9826953831.0,Ahmedabad,Gujarat,Mouse,Electronics,2.0,800.0,2026-04-27,5.0
41,C0042,Pooja,Patel,Male,40.0,customer42@gmail.com,9862496015.0,Surat,Gujarat,Desk,Furniture,5.0,9000.0,2026-06-28,1.0
42,C0043,Hetal,Dave,Male,23.0,customer43@gmail.com,9856216125.0,Rajkot,Gujarat,Headphones,Electronics,4.0,2500.0,2026-05-24,2.0
43,C0044,Nikhil,Patel,Male,54.0,customer44@gmail.com,9860018037.0,Bhavnagar,Gujarat,Tablet,Electronics,5.0,22000.0,2026-03-10,2.0
45,C0046,Isha,Joshi,Female,38.0,customer46@gmail.com,9888547323.0,Vadodara,Gujarat,Monitor,Electronics,3.0,12000.0,2026-02-02,5.0
46,C0047,Riya,Patel,Male,30.0,customer47@gmail.com,9892396202.0,Rajkot,Gujarat,Keyboard,Electronics,3.0,1500.0,2026-02-13,5.0
47,C0048,Nisha,Soni,F,53.0,customer48@gmail.com,9814833177.0,Rajkot,Gujarat,Monitor,Electronics,2.0,12000.0,2026-03-31,3.0
48,C0049,Aditya,Soni,Male,29.0,customer49@gmail.com,9813369720.0,Vadodara,Gujarat,Laptop,Electronics,4.0,55000.0,2026-06-13,5.0
49,C0050,Isha,Shah,Female,53.0,customer50@gmail.com,9887498463.0,Vadodara,Gujarat,Laptop,Electronics,3.0,55000.0,2026-06-01,4.0
50,C0051,Anjali,Dave,Male,41.0,customer51@gmail.com,9823217648.0,Surat,Gujarat,Laptop,Electronics,5.0,55000.0,2026-03-03,1.0
51,C0052,Pooja,Soni,Male,37.0,customer52@gmail.com,9824573458.0,Vadodara,Gujarat,Chair,Furniture,5.0,7000.0,2026-03-17,4.0
52,C0053,Priya,Joshi,Female,37.0,customer53@gmail.com,9847327243.0,Bhavnagar,Gujarat,Chair,Furniture,4.0,7000.0,2026-01-25,3.0
53,C0054,Meera,Soni,Female,41.0,customer54@gmail.com,9833614649.0,Rajkot,Gujarat,Headphones,Electronics,4.0,2500.0,2026-06-16,5.0
54,C0055,Anjali,Patel,Female,29.0,customer55@gmail.com,9841665404.0,Vadodara,Gujarat,Keyboard,Electronics,5.0,1500.0,2026-01-07,2.0
55,C0056,Priya,Soni,Female,45.0,customer56@gmail.com,9872182821.0,Ahmedabad,Gujarat,Laptop,Electronics,2.0,55000.0,2026-03-24,1.0
56,C0057,Raj,Mehta,Male,35.0,customer57@gmail.com,9837780899.0,Rajkot,Gujarat,Chair,Furniture,4.0,7000.0,2026-03-11,3.0
57,C0058,Yash,Dave,Female,45.0,customer58@gmail.com,9825814828.0,Ahmedabad,Gujarat,Headphones,Electronics,4.0,2500.0,2026-05-21,4.0
58,C0059,Anjali,Shah,Female,38.0,customer59@gmail.com,9899630668.0,Bhavnagar,Gujarat,Chair,Furniture,2.0,7000.0,2026-04-02,4.0
59,C0060,Jay,Patel,M,51.0,customer60@gmail.com,9862203051.0,Bhavnagar,Gujarat,Laptop,Electronics,1.0,55000.0,2026-06-22,5.0
60,C0061,Het,Mehta,Female,34.0,customer61@gmail.com,9858518372.0,Bhavnagar,Gujarat,Desk,Furniture,5.0,9000.0,2026-06-13,3.0
61,C0062,Arjun,Dave,Male,36.0,customer62@gmail.com,9866882318.0,Rajkot,Gujarat,Monitor,Electronics,1.0,12000.0,2026-06-08,5.0
62,C0063,Het,Mehta,Male,34.0,customer63@gmail.com,9865454431.0,Rajkot,Gujarat,Chair,Furniture,3.0,7000.0,2026-01-16,4.0
63,C0064,Karan,Patel,Female,46.0,customer64@gmail.com,9855718843.0,Ahmedabad,Gujarat,Headphones,Electronics,2.0,2500.0,2026-06-27,4.0
64,C0065,Sneha,Shah,Female,54.0,customer65@gmail.com,9831288948.0,Surat,Gujarat,Headphones,Electronics,1.0,2500.0,2026-06-06,3.0
65,C0066,Amit,Patel,Male,23.0,customer66@gmail.com,9817136029.0,Rajkot,Gujarat,Headphones,Electronics,2.0,2500.0,2026-04-19,1.0
66,C0067,Het,Soni,Female,36.0,customer67@gmail.com,9835301054.0,Rajkot,Gujarat,Chair,Furniture,1.0,7000.0,2026-03-27,3.0
67,C0068,Neha,Shah,Female,51.0,customer68@gmail.com,9868720660.0,Bhavnagar,Gujarat,Laptop,Electronics,5.0,55000.0,2026-02-24,1.0
68,C0069,Ravi,Soni,Male,21.0,customer69@gmail.com,9840413513.0,Bhavnagar,Gujarat,Headphones,Electronics,5.0,2500.0,2026-03-24,5.0
69,C0070,Raj,Mehta,Male,19.0,customer70@gmail.com,9852489277.0,Bhavnagar,Gujarat,Chair,Furniture,1.0,7000.0,2026-04-23,4.0
70,C0071,Harsh,Patel,Female,52.0,customer71@gmail.com,9846213003.0,Surat,Gujarat,Desk,Furniture,2.0,9000.0,2026-02-23,5.0
71,C0072,Ravi,Dave,Female,35.0,customer72@gmail.com,9881209537.0,Bhavnagar,Gujarat,Chair,Furniture,3.0,7000.0,2026-03-16,4.0
72,C0073,Yash,Patel,Female,52.0,customer73@gmail.com,9829350835.0,Surat,Gujarat,Mouse,Electronics,2.0,800.0,2026-06-15,4.0
73,C0074,Rahul,Patel,Male,35.0,customer74@gmail.com,9897349431.0,Bhavnagar,Gujarat,Chair,electronics,2.0,7000.0,2026-05-25,1.0
74,C0075,Jay,Soni,Male,42.0,customer75@gmail.com,9825734209.0,Ahmedabad,Gujarat,Monitor,Electronics,4.0,12000.0,2026-05-06,3.0
75,C0076,Sneha,Mehta,Male,41.0,customer76@gmail.com,9848660995.0,Surat,Gujarat,Tablet,Electronics,3.0,22000.0,2026-01-25,3.0
76,C0077,Nisha,Joshi,Female,50.0,customer77@gmail.com,9851311634.0,Bhavnagar,Gujarat,Keyboard,Electronics,5.0,1500.0,2026-01-21,2.0
77,C0078,Priya,Shah,Male,40.0,customer78@gmail.com,9862576779.0,Rajkot,Gujarat,Monitor,Electronics,2.0,12000.0,2026-03-31,1.0
78,C0079,Aditya,Shah,Male,45.0,customer79@gmail.com,9811222869.0,Ahmedabad,Gujarat,Chair,Furniture,2.0,7000.0,2026-02-25,5.0
79,C0080,Neha,Soni,Male,54.0,customer80@gmail.com,9885191987.0,Rajkot,Gujarat,Laptop,Electronics,2.0,55000.0,2026-02-16,4.0
80,C0081,Tanvi,Joshi,Female,44.0,customer81@gmail.com,9896787694.0,Surat,Gujarat,Desk,Furniture,2.0,9000.0,2026-05-31,4.0
81,C0082,Nikhil,Soni,Male,53.0,customer82@gmail.com,9896205129.0,Rajkot,Gujarat,Headphones,Electronics,2.0,2500.0,2026-02-08,1.0
82,C0083,Khushi,Shah,Male,43.0,customer83@gmail.com,9858766345.0,Bhavnagar,Gujarat,Desk,Furniture,2.0,9000.0,2026-03-08,5.0
83,C0084,Pooja,Joshi,Female,40.0,customer84@gmail.com,9826203305.0,Rajkot,Gujarat,Mouse,Electronics,4.0,800.0,2026-06-18,4.0
84,C0085,Riya,Soni,Male,24.0,customer85@gmail.com,9844499221.0,Rajkot,Gujarat,Mouse,ELECTRONICS,2.0,800.0,2026-01-21,3.0
85,C0086,Rahul,Dave,Male,21.0,customer86@gmail.com,9867975251.0,Bhavnagar,Gujarat,Chair,Furniture,1.0,7000.0,2026-03-16,1.0
86,C0087,Karan,Patel,Male,20.0,customer87@gmail.com,9893721515.0,Surat,Gujarat,Chair,Furniture,3.0,7000.0,2026-05-13,4.0
87,C0088,Pooja,Shah,Female,51.0,customer88@gmail.com,9882456281.0,Rajkot,Gujarat,Keyboard,Electronics,4.0,1500.0,2026-05-22,3.0
88,C0089,Riya,Dave,Male,31.0,customer89@gmail.com,9882017911.0,Surat,Gujarat,Desk,Furniture,4.0,9000.0,2026-01-10,2.0
89,C0090,Khushi,Shah,Female,31.0,customer90@gmail.com,9869376958.0,Ahmedabad,Gujarat,Monitor,Electronics,2.0,12000.0,2026-04-11,2.9531772575250836
90,C0091,Hetal,Shah,Female,33.0,customer91@gmail.com,9839967940.0,Surat,Gujarat,Laptop,Electronics,3.0,55000.0,2026-03-03,4.0
91,C0092,Pooja,Joshi,Male,29.0,customer92@gmail.com,9827163810.0,Ahmedabad,Gujarat,Mouse,Electronics,5.0,800.0,2026-01-01,5.0
92,C0093,Ravi,Soni,Female,32.0,customer93@gmail.com,9818910852.0,Surat,Gujarat,Tablet,Electronics,3.0,22000.0,2026-03-24,2.0
93,C0094,Aditya,Patel,Male,43.0,customer94@gmail.com,9827606951.0,Ahmedabad,Gujarat,Chair,Furniture,4.0,7000.0,2026-03-13,5.0
94,C0095,Aditya,Shah,Male,41.0,customer95@gmail.com,9880790126.0,Rajkot,Gujarat,Chair,Furniture,1.0,7000.0,2026-02-22,3.0
95,C0096,Khushi,Soni,Male,25.0,customer96@gmail.com,9819496563.0,Ahmedabad,Gujarat,Chair,Furniture,3.0,7000.0,2026-06-04,5.0
96,C0097,Harsh,Shah,Male,51.0,customer97@gmail.com,9819803005.0,Bhavnagar,Gujarat,Chair,Furniture,1.0,7000.0,2026-03-27,2.0
97,C0098,Manav,Mehta,Male,28.0,customer98@gmail.com,9893752812.0,Bhavnagar,Gujarat,Headphones,Electronics,3.0,2500.0,2026-06-29,5.0
98,C0099,Harsh,Joshi,Male,30.0,customer99@gmail.com,9837695858.0,Ahmedabad,Gujarat,Headphones,Electronics,4.0,2500.0,2026-06-13,2.0
99,C0100,Hetal,Patel,Female,23.0,customer100@gmail.com,9899729573.0,Surat,Gujarat,Keyboard,Electronics,3.0,1500.0,2026-05-14,3.0
100,C0101,Aditya,Shah,Female,31.0,customer101@gmail.com,9887782638.0,Ahmedabad,Gujarat,Monitor,Electronics,2.0,12000.0,2026-04-14,3.0
101,C0102,Priya,Soni,Female,54.0,customer102@gmail.com,9894776775.0,Vadodara,Gujarat,Monitor,Electronics,4.0,12000.0,2026-05-07,1.0
102,C0103,Parth,Dave,Female,27.0,customer103@gmail.com,9892972373.0,Surat,Gujarat,Monitor,Electronics,2.0,12000.0,2026-01-11,5.0
103,C0104,Riya,Dave,Female,54.0,customer104@gmail.com,9890908854.0,Rajkot,Gujarat,Headphones,Electronics,2.0,2500.0,2026-04-25,1.0
104,C0105,Ravi,Patel,Female,28.0,customer105@gmail.com,9898121122.0,Rajkot,Gujarat,Headphones,Electronics,1.0,2500.0,2026-03-04,1.0
105,C0106,Harsh,Patel,Male,38.241610738255034,customer106@gmail.com,9862418906.0,Ahmedabad,Gujarat,Mouse,Electronics,3.0,800.0,2026-01-17,3.0
106,C0107,Jay,Soni,Male,42.0,customer107@gmail.com,9846919127.0,Vadodara,Gujarat,Monitor,Electronics,3.0,12000.0,2026-06-10,5.0
107,C0108,Isha,Soni,Female,40.0,customer108@gmail.com,9875170480.0,Vadodara,Gujarat,Desk,Furniture,3.0,9000.0,2026-03-22,1.0
108,C0109,Karan,Shah,Female,40.0,customer109@gmail.com,9888795078.0,Bhavnagar,Gujarat,Laptop,Electronics,4.0,55000.0,2026-01-01,3.0
109,C0110,Arjun,Soni,Female,50.0,customer110@gmail.com,9821707868.0,Bhavnagar,Gujarat,Keyboard,Electronics,3.0,1500.0,2026-01-30,2.0
110,C0111,Arjun,Patel,Female,20.0,customer111@gmail.com,9875954738.0,Vadodara,Gujarat,Laptop,Electronics,3.0,55000.0,2026-03-04,1.0
111,C0112,Dev,Joshi,Female,21.0,customer112@gmail.com,9891602413.0,Ahmedabad,Gujarat,Tablet,Electronics,5.0,22000.0,2026-06-11,1.0
112,C0113,Karan,Shah,Female,50.0,customer113@gmail.com,9897929144.0,Bhavnagar,Gujarat,Desk,Furniture,4.0,9000.0,2026-03-08,5.0
113,C0114,Mansi,Patel,Male,21.0,customer114@gmail.com,9895808215.0,Rajkot,Gujarat,Tablet,Electronics,1.0,22000.0,2026-03-19,4.0
114,C0115,Meera,Patel,Female,39.0,customer115@gmail.com,9883678496.0,Ahmedabad,Gujarat,Monitor,Electronics,5.0,12000.0,2026-05-31,3.0
115,C0116,Mansi,Patel,Female,37.0,customer116@gmail.com,9885899393.0,Bhavnagar,Gujarat,Chair,Electronics,5.0,22000.0,2026-05-09,4.0
116,C0117,Khushi,Soni,Male,20.0,customer117@gmail.com,9816193956.0,Vadodara,Gujarat,Keyboard,Electronics,2.0,1500.0,2026-06-15,2.0
117,C0118,Sneha,Mehta,Female,53.0,customer118@gmail.com,9874910615.0,Ahmedabad,Gujarat,Headphones,Electronics,4.0,2500.0,2026-03-22,3.0
118,C0119,Karan,Patel,Female,35.0,customer119@gmail.com,9846413676.0,Rajkot,Gujarat,Chair,Furniture,1.0,7000.0,2026-01-25,3.0
119,C0120,Raj,Patel,Female,44.0,customer120@gmail.com,9888987338.0,Bhavnagar,Gujarat,Chair,Furniture,4.0,7000.0,2026-03-11,5.0
120,C0121,Aditya,Dave,Male,150.0,customer121@gmail.com,9884052985.0,Bhavnagar,Gujarat,Mouse,Electronics,4.0,800.0,2026-03-17,2.0
121,C0122,Karan,Patel,Male,45.0,customer122@gmail.com,9839063435.0,Surat,Gujarat,Chair,Furniture,5.0,7000.0,2026-02-22,5.0
122,C0123,Komal,Patel,Female,39.0,customer123@gmail.com,9853092987.0,Ahmedabad,Gujarat,Laptop,Electronics,2.0,55000.0,2026-02-23,1.0
123,C0124,Parth,Soni,Male,54.0,customer124@gmail.com,9841970599.0,Ahmedabad,Gujarat,Keyboard,Electronics,5.0,1500.0,2026-01-11,1.0
124,C0125,Tanvi,Shah,Male,52.0,customer125@gmail.com,9895518073.0,Bhavnagar,Gujarat,Keyboard,Electronics,3.0,1500.0,2026-02-05,3.0
125,C0126,Raj,Joshi,Female,35.0,customer126@gmail.com,9899817241.0,Surat,Gujarat,Keyboard,Electronics,4.0,1500.0,2026-03-14,1.0
126,C0127,Neha,Patel,Male,43.0,customer127@gmail.com,9888021860.0,Surat,Gujarat,Laptop,Electronics,1.0,55000.0,2026-04-18,3.0
127,C0128,Pooja,Joshi,Male,30.0,customer128@gmail.com,9857517690.0,Bhavnagar,Gujarat,Chair,Furniture,2.0,7000.0,2026-02-18,1.0
128,C0129,Karan,Soni,Female,30.0,customer129@gmail.com,9848808656.0,Surat,Gujarat,Mouse,Electronics,1.0,800.0,2026-04-28,2.0
129,C0130,Anjali,Soni,Male,33.0,customer130@gmail.com,9868701337.0,Ahmedabad,Gujarat,Laptop,Electronics,4.0,55000.0,2026-02-16,1.0
130,C0131,Meera,Dave,Female,39.0,customer131@gmail.com,9852607220.0,Ahmedabad,Gujarat,Desk,Furniture,2.0,9000.0,2026-01-07,3.0
131,C0132,Hetal,Mehta,Male,41.0,customer132@gmail.com,9813433382.0,Ahmedabad,Gujarat,Tablet,Electronics,2.0,22000.0,2026-05-26,2.0
132,C0133,Pooja,Mehta,Male,32.0,customer133@gmail.com,9862879148.0,Surat,Gujarat,Desk,Furniture,1.0,9000.0,2026-04-08,5.0
133,C0134,Rahul,Soni,Female,41.0,customer134@gmail.com,9833215061.0,Rajkot,Gujarat,Keyboard,Electronics,2.0,1500.0,2026-06-02,2.0
134,C0135,Dev,Patel,Male,20.0,customer135@gmail.com,9811020154.0,Surat,Gujarat,Laptop,Electronics,5.0,55000.0,2026-01-13,2.0
135,C0136,Parth,Dave,Female,47.0,customer136@gmail.com,9857784180.0,Rajkot,Gujarat,Tablet,Electronics,-2.0,22000.0,2026-01-16,1.0
136,C0137,Hetal,Shah,Male,38.0,customer137@gmail.com,9881829506.0,Rajkot,Gujarat,Mouse,Electronics,1.0,800.0,2026-06-22,4.0
137,C0138,Ravi,Dave,Female,43.0,customer138@gmail.com,9869488206.0,Rajkot,Gujarat,Mouse,Electronics,5.0,800.0,2026-03-14,1.0
138,C0139,Priya,Soni,Male,30.0,customer139@gmail.com,9848580196.0,Ahmedabad,Gujarat,Tablet,Electronics,4.0,22000.0,2026-06-20,3.0
139,C0140,Rahul,Joshi,Male,52.0,customer140@gmail.com,9832470291.0,Vadodara,Gujarat,Chair,Furniture,5.0,7000.0,2026-04-03,3.0
140,C0141,Anjali,Shah,Male,52.0,customer141@gmail.com,9894912633.0,Ahmedabad,Gujarat,Headphones,Electronics,2.0,2500.0,2026-01-03,5.0
141,C0142,Nisha,Shah,Male,27.0,customer142@gmail.com,9885785788.0,Vadodara,Gujarat,Chair,Furniture,1.0,7000.0,2026-05-03,3.0
142,C0143,Neha,Dave,Female,35.0,customer143@gmail.com,9831765239.0,Surat,Gujarat,Mouse,Electronics,2.0,800.0,2026-05-05,1.0
143,C0144,Tanvi,Joshi,Male,52.0,customer144@gmail.com,9829391451.0,Rajkot,Gujarat,Monitor,Electronics,5.0,12000.0,2026-01-29,3.0
144,C0145,Manav,Shah,Female,30.0,customer145@gmail.com,9894212996.0,Rajkot,Gujarat,Laptop,Electronics,2.0,55000.0,2026-05-19,2.0
145,C0146,Priya,Patel,Female,33.0,customer146@gmail.com,9815809041.0,Surat,Gujarat,Tablet,Electronics,4.0,22000.0,2026-02-06,5.0
146,C0147,Karan,Soni,Male,31.0,customer147@gmail.com,9860837727.0,Ahmedabad,Gujarat,Monitor,Electronics,5.0,12000.0,2026-03-03,3.0
147,C0148,Raj,Soni,Female,52.0,customer148@gmail.com,9875111328.0,Surat,Gujarat,Mouse,Electronics,3.0,800.0,2026-01-06,4.0
148,C0149,Aditya,Soni,Male,31.0,customer149@gmail.com,9861900771.0,Bhavnagar,Gujarat,Laptop,Electronics,3.0,55000.0,2026-06-04,5.0
149,C0150,Dev,Joshi,Male,49.0,customer150@gmail.com,9852413492.0,Ahmedabad,Gujarat,Keyboard,Electronics,5.0,1500.0,2026-06-07,4.0
150,C0151,Raj,Dave,Female,47.0,customer151@gmail.com,9869844250.0,Ahmedabad,Gujarat,Mouse,Electronics,5.0,800.0,2026-04-23,6.0
151,C0152,Diya,Dave,Male,42.0,customer152@gmail.com,9818989138.0,Surat,Gujarat,Tablet,Electronics,2.0,22000.0,2026-06-07,1.0
152,C0153,Parth,Dave,Female,46.0,customer153@gmail.com,9885176851.0,Bhavnagar,Gujarat,Tablet,Electronics,2.0,22000.0,2026-04-06,2.0
153,C0154,Dev,Dave,Female,35.0,customer154@gmail.com,9819161408.0,Rajkot,Gujarat,Monitor,Electronics,3.0,12000.0,2026-01-22,3.0
154,C0155,Pooja,Mehta,Female,32.0,customer155@gmail.com,9831845218.0,Bhavnagar,Gujarat,Mouse,Electronics,2.0,800.0,2026-06-29,4.0
155,C0156,Het,Patel,Male,29.0,customer156@gmail.com,9814421590.0,Surat,Gujarat,Desk,Furniture,5.0,9000.0,2026-01-26,2.0
156,C0157,Anjali,Soni,Male,35.0,customer157@gmail.com,9836552476.0,Bhavnagar,Gujarat,Headphones,Electronics,4.0,2500.0,2026-03-16,2.0
157,C0158,Neha,Shah,Male,40.0,customer158@gmail.com,9810224695.0,Surat,Gujarat,Desk,Furniture,4.0,9000.0,2026-04-02,5.0
158,C0159,Aditya,Soni,Female,38.0,customer159@gmail.com,9875402242.0,Surat,Gujarat,Desk,Furniture,5.0,9000.0,2026-01-01,4.0
159,C0160,Aditya,Mehta,Female,53.0,customer160@gmail.com,9811074961.0,Rajkot,Gujarat,Chair,Furniture,2.0,7000.0,2026-01-15,3.0
160,C0161,Ravi,Joshi,Male,43.0,customer161@gmail.com,9814437677.0,Bhavnagar,Gujarat,Tablet,Electronics,4.0,22000.0,2026-02-19,3.0
161,C0162,Neha,Mehta,Female,42.0,customer162@gmail.com,9875658413.0,Ahmedabad,Gujarat,Headphones,Electronics,4.0,2500.0,2026-01-15,1.0
162,C0163,Jay,Shah,Female,38.0,customer163@gmail.com,9829651515.0,Rajkot,Gujarat,Chair,Furniture,4.0,7000.0,2026-03-04,5.0
163,C0164,Isha,Dave,Male,31.0,customer164@gmail.com,9885134271.0,Bhavnagar,Gujarat,Mouse,Electronics,3.0,800.0,2026-03-23,5.0
164,C0165,Tanvi,Shah,Male,26.0,customer165@gmail.com,9848836811.0,Surat,Gujarat,Laptop,Electronics,1.0,55000.0,2026-05-01,4.0
165,C0166,Riya,Patel,Female,50.0,customer166@gmail.com,9822851424.0,Vadodara,Gujarat,Laptop,Electronics,2.0,55000.0,2026-02-02,0.0
166,C0167,Sneha,Patel,Female,31.0,customer167@gmail.com,9847436581.0,Ahmedabad,Gujarat,Chair,Furniture,1.0,7000.0,2026-04-13,2.0
167,C0168,Harsh,Dave,Male,29.0,customer168@gmail.com,9814409352.0,Surat,Gujarat,Mouse,Electronics,2.0,800.0,2026-01-06,1.0
168,C0169,Mansi,Dave,Female,26.0,customer169@gmail.com,9819331795.0,Ahmedabad,Gujarat,Mouse,Electronics,4.0,800.0,2026-03-03,3.0
169,C0170,Neha,Shah,Female,24.0,customer170@gmail.com,9843283771.0,Ahmedabad,Gujarat,Monitor,Electronics,4.0,12000.0,2026-04-16,2.0
170,C0171,Aditya,Soni,Female,41.0,customer171@gmail.com,9811992825.0,Bhavnagar,Gujarat,Chair,Furniture,4.0,7000.0,2026-05-27,5.0
171,C0172,Isha,Dave,Male,50.0,customer172@gmail.com,9811940369.0,Vadodara,Gujarat,Tablet,Electronics,5.0,22000.0,2026-05-30,1.0
172,C0173,Neha,Soni,Female,46.0,customer173@gmail.com,9851654364.0,Surat,Gujarat,Keyboard,Electronics,3.0,1500.0,2026-04-07,1.0
173,C0174,Tanvi,Mehta,Female,49.0,customer174@gmail.com,9826169764.0,Bhavnagar,Gujarat,Chair,Furniture,5.0,7000.0,2026-01-04,4.0
174,C0175,Yash,Shah,Female,42.0,customer175@gmail.com,9814790691.0,Rajkot,Gujarat,Chair,Furniture,4.0,7000.0,2026-04-27,4.0
175,C0176,Yash,Joshi,Female,54.0,customer176@gmail.com,9821186361.0,Ahmedabad,Gujarat,Mouse,Electronics,2.0,800.0,2026-05-05,3.0
176,C0177,Neha,Patel,Male,39.0,customer177@gmail.com,9821950831.0,Rajkot,Gujarat,Headphones,Electronics,2.0,2500.0,2026-03-28,4.0
177,C0178,Anjali,Dave,Female,23.0,customer178@gmail.com,9825648245.0,Bhavnagar,Gujarat,Chair,Furniture,2.0,7000.0,2026-03-01,1.0
178,C0179,Aditya,Shah,Male,24.0,customer179@gmail.com,9844932801.0,Surat,Gujarat,Monitor,Electronics,3.0133779264214047,12000.0,2026-06-12,5.0
179,C0180,Raj,Joshi,Female,30.0,customer180@gmail.com,9847407753.0,Vadodara,Gujarat,Desk,Furniture,1.0,9000.0,2026-04-28,5.0
180,C0181,Priya,Mehta,Male,48.0,invalid-email,9857602635.0,Rajkot,Gujarat,Mouse,Electronics,4.0,800.0,2026-01-01,4.0
181,C0182,Arjun,Mehta,Male,30.0,customer182@gmail.com,9848090551.0,Rajkot,Gujarat,Monitor,Electronics,1.0,12000.0,2026-06-05,3.0
182,C0183,Priya,Mehta,Female,32.0,customer183@gmail.com,9897818521.0,Rajkot,Gujarat,Headphones,Electronics,4.0,2500.0,2026-01-29,3.0
183,C0184,Yash,Dave,Male,23.0,customer184@gmail.com,9813040267.0,Rajkot,Gujarat,Chair,Furniture,5.0,7000.0,2026-01-20,2.0
184,C0185,Parth,Shah,Male,52.0,customer185@gmail.com,9885643942.0,Ahmedabad,Gujarat,Tablet,Electronics,3.0,22000.0,2026-06-20,4.0
185,C0186,Khushi,Patel,Female,41.0,customer186@gmail.com,9871647593.0,Bhavnagar,Gujarat,Chair,Furniture,4.0,7000.0,2026-05-04,5.0
186,C0187,Manav,Dave,Female,50.0,customer187@gmail.com,9832791342.0,Bhavnagar,Gujarat,Laptop,Electronics,5.0,55000.0,2026-02-03,2.0
187,C0188,Arjun,Patel,Female,48.0,customer188@gmail.com,9899588014.0,Ahmedabad,Gujarat,Keyboard,Electronics,2.0,1500.0,2026-04-23,3.0
188,C0189,Yash,Dave,Male,22.0,customer189@gmail.com,9891022004.0,Rajkot,Gujarat,Tablet,Electronics,1.0,22000.0,2026-02-17,1.0
189,C0190,Riya,Shah,Female,20.0,customer190@gmail.com,9820427148.0,Rajkot,Gujarat,Mouse,Electronics,4.0,800.0,2026-03-14,5.0
190,C0191,Parth,Dave,Female,29.0,customer191@gmail.com,9872419437.0,Ahmedabad,Gujarat,Desk,Furniture,1.0,9000.0,2026-05-12,2.0
191,C0192,Het,Shah,Male,41.0,customer192@gmail.com,9877084285.0,Bhavnagar,Gujarat,Mouse,Electronics,5.0,800.0,2026-02-23,5.0
192,C0193,Yash,Mehta,Female,30.0,customer193@gmail.com,9884087004.0,Bhavnagar,Gujarat,Desk,Furniture,1.0,9000.0,2026-06-10,1.0
193,C0194,Karan,Dave,Male,44.0,customer194@gmail.com,9885488205.0,Surat,Gujarat,Keyboard,Electronics,4.0,1500.0,2026-03-15,1.0
194,C0195,Jay,Mehta,Female,44.0,customer195@gmail.com,9815438684.0,Ahmedabad,Gujarat,Keyboard,Electronics,5.0,1500.0,2026-06-03,4.0
195,C0196,Manav,Joshi,Female,33.0,customer196@gmail.com,12345.0,Vadodara,Gujarat,Headphones,Electronics,2.0,2500.0,2026-03-28,4.0
196,C0197,Nikhil,Soni,Male,39.0,customer197@gmail.com,9883701774.0,Surat,Gujarat,Keyboard,Electronics,3.0,1500.0,2026-01-25,3.0
197,C0198,Amit,Dave,Male,39.0,customer198@gmail.com,9883537404.0,Surat,Gujarat,Keyboard,Electronics,4.0,1500.0,2026-04-27,3.0
198,C0199,Rahul,Dave,Female,53.0,customer199@gmail.com,9844253388.0,Ahmedabad,Gujarat,Headphones,Electronics,4.0,2500.0,2026-05-12,1.0
199,C0200,Dev,Soni,Male,25.0,customer200@gmail.com,9870251070.0,Vadodara,Gujarat,Chair,Furniture,3.0,7000.0,2026-02-25,2.0
200,C0201,Sneha,Dave,Female,54.0,customer201@gmail.com,9891503616.0,Vadodara,Gujarat,Headphones,Electronics,2.0,2500.0,2026-06-21,2.0
201,C0202,Sneha,Mehta,Male,31.0,customer202@gmail.com,9850071048.0,Bhavnagar,Gujarat,Desk,Furniture,3.0,9000.0,2026-01-26,2.0
202,C0203,Pooja,Joshi,Female,26.0,customer203@gmail.com,9899380419.0,Rajkot,Gujarat,Tablet,Electronics,2.0,22000.0,2026-02-19,4.0
203,C0204,Rahul,Patel,Female,43.0,customer204@gmail.com,9871279200.0,Surat,Gujarat,Monitor,Electronics,2.0,12000.0,2026-03-10,3.0
204,C0205,Arjun,Dave,Male,51.0,customer205@gmail.com,9882892046.0,Bhavnagar,Gujarat,Monitor,Electronics,2.0,12000.0,2026-06-12,3.0
205,C0206,Aditya,Dave,Male,32.0,customer206@gmail.com,9882045464.0,Bhavnagar,Gujarat,Mouse,Electronics,1.0,800.0,2026-01-02,5.0
206,C0207,Komal,Joshi,Male,29.0,customer207@gmail.com,9850670787.0,Vadodara,Gujarat,Mouse,Electronics,3.0,800.0,2026-04-12,5.0
207,C0208,Anjali,Shah,Female,51.0,customer208@gmail.com,9843957754.0,Surat,Gujarat,Chair,Furniture,4.0,7000.0,2026-03-11,4.0
208,C0209,Pooja,Joshi,Female,20.0,customer209@gmail.com,9875147039.0,Bhavnagar,Gujarat,Headphones,Electronics,1.0,2500.0,2026-05-29,3.0
209,C0210,Nikhil,Mehta,Female,21.0,customer210@gmail.com,9834005377.0,Ahmedabad,Gujarat,Chair,Furniture,4.0,7000.0,2026-04-12,3.0
210,C0211,Nisha,Mehta,Female,26.0,customer211@gmail.com,9891831756.0,Vadodara,Gujarat,Mouse,Electronics,4.0,800.0,2026-04-28,2.0
211,C0212,Diya,Mehta,Female,34.0,customer212@gmail.com,9863628551.0,Rajkot,Gujarat,Chair,Furniture,1.0,7000.0,2026-01-03,4.0
212,C0213,Riya,Shah,Female,38.0,customer213@gmail.com,9875749277.0,Vadodara,Gujarat,Keyboard,Electronics,5.0,1500.0,2026-05-29,2.0
213,C0214,Amit,Soni,Female,34.0,customer214@gmail.com,9831089933.0,Vadodara,Gujarat,Tablet,Electronics,1.0,22000.0,2026-02-05,2.0
214,C0215,Aditya,Shah,Female,39.0,customer215@gmail.com,9851765312.0,Surat,Gujarat,Headphones,Electronics,2.0,2500.0,2026-03-16,4.0
215,C0216,Sneha,Joshi,Female,22.0,customer216@gmail.com,9861914894.0,Surat,Gujarat,Chair,Furniture,2.0,7000.0,2026-03-27,5.0
216,C0217,Dev,Dave,Male,30.0,customer217@gmail.com,9831258833.0,Rajkot,Gujarat,Monitor,Electronics,2.0,12000.0,2026-06-22,2.0
217,C0218,Komal,Shah,Male,34.0,customer218@gmail.com,9853069838.0,Vadodara,Gujarat,Chair,Furniture,3.0,7000.0,2026-05-29,2.0
218,C0219,Isha,Patel,Female,53.0,customer219@gmail.com,9852866200.0,Vadodara,Gujarat,Keyboard,Electronics,2.0,1500.0,2026-01-25,1.0
219,C0220,Khushi,Joshi,Female,34.0,customer220@gmail.com,9875702370.0,Bhavnagar,Gujarat,Monitor,Electronics,1.0,12000.0,2026-06-18,5.0
220,C0221,Rahul,Shah,Male,26.0,customer221@gmail.com,9869276366.0,Ahmedabad,Gujarat,Headphones,Electronics,2.0,2500.0,2026-03-09,4.0
221,C0222,Isha,Soni,Male,31.0,customer222@gmail.com,9861173179.0,Vadodara,Gujarat,Monitor,Electronics,4.0,12000.0,2026-05-14,3.0
222,C0223,Priya,Joshi,Male,41.0,customer223@gmail.com,9828392993.0,Surat,Gujarat,Chair,Furniture,2.0,7000.0,2026-01-10,2.0
223,C0224,Nikhil,Joshi,Female,49.0,customer224@gmail.com,9871910920.0,Rajkot,Gujarat,Chair,Furniture,3.0,7000.0,2026-04-09,1.0
224,C0225,Riya,Mehta,Female,25.0,customer225@gmail.com,9845174147.0,Vadodara,Gujarat,Monitor,Electronics,3.0,12000.0,2026-04-13,5.0
225,C0226,Mansi,Dave,Female,47.0,customer226@gmail.com,9895183718.0,Vadodara,Gujarat,Desk,Furniture,4.0,9000.0,2026-06-27,4.0
226,C0227,Mansi,Dave,Male,53.0,customer227@gmail.com,9874587277.0,Surat,Gujarat,Desk,Furniture,5.0,9000.0,2026-03-27,2.0
227,C0228,Dev,Patel,Female,39.0,customer228@gmail.com,9819426807.0,Bhavnagar,Gujarat,Chair,Furniture,3.0,7000.0,2026-06-16,1.0
228,C0229,Ravi,Soni,Female,44.0,customer229@gmail.com,9897132497.0,Bhavnagar,Gujarat,Headphones,Electronics,5.0,2500.0,2026-06-22,1.0
229,C0230,Khushi,Soni,Male,29.0,customer230@gmail.com,9893713817.0,Bhavnagar,Gujarat,Keyboard,Electronics,1.0,1500.0,2026-02-03,4.0
230,C0231,Jay,Patel,Female,47.0,customer231@gmail.com,9826177172.0,Bhavnagar,Gujarat,Mouse,Electronics,3.0,12980.936454849498,2026-02-11,1.0
231,C0232,Amit,Mehta,Male,27.0,customer232@gmail.com,9869772463.0,Rajkot,Gujarat,Laptop,Electronics,1.0,55000.0,2026-01-29,2.0
232,C0233,Nikhil,Patel,Female,39.0,customer233@gmail.com,9858743175.0,Surat,Gujarat,Mouse,Electronics,2.0,800.0,2026-06-26,4.0
233,C0234,Riya,Soni,Male,37.0,customer234@gmail.com,9881214087.0,Vadodara,Gujarat,Desk,Furniture,5.0,9000.0,2026-03-18,3.0
234,C0235,Priya,Mehta,Male,42.0,customer235@gmail.com,9890566548.0,Rajkot,Gujarat,Laptop,Electronics,5.0,55000.0,2026-02-27,3.0
235,C0236,Yash,Joshi,Male,25.0,customer236@gmail.com,9835258425.0,Vadodara,Gujarat,Monitor,Electronics,3.0,12000.0,2026-01-05,2.0
236,C0237,Anjali,Patel,Male,35.0,customer237@gmail.com,9857675854.0,Rajkot,Gujarat,Chair,Furniture,4.0,7000.0,2026-06-27,1.0
237,C0238,Aditya,Patel,Male,32.0,customer238@gmail.com,9850824950.0,Rajkot,Gujarat,Monitor,Electronics,4.0,12000.0,2026-04-24,5.0
238,C0239,Sneha,Soni,Female,45.0,customer239@gmail.com,9895567156.0,Ahmedabad,Gujarat,Monitor,Electronics,4.0,12000.0,2026-06-09,2.0
239,C0240,Nikhil,Shah,Male,33.0,customer240@gmail.com,9814264423.0,Ahmedabad,Gujarat,Keyboard,Electronics,2.0,1500.0,2026-02-28,2.0
240,C0241,Ravi,Mehta,Female,40.0,customer241@gmail.com,9852822943.0,Vadodara,Gujarat,Laptop,Electronics,2.0,55000.0,2026-06-28,5.0
241,C0242,Pooja,Shah,Female,50.0,customer242@gmail.com,9864832046.0,Rajkot,Gujarat,Keyboard,Electronics,2.0,1500.0,2026-01-18,5.0
242,C0243,Het,Dave,Female,26.0,customer243@gmail.com,9823689493.0,Vadodara,Gujarat,Chair,Furniture,5.0,7000.0,2026-03-30,5.0
243,C0244,Manav,Mehta,Male,20.0,customer244@gmail.com,9832700314.0,Bhavnagar,Gujarat,Headphones,Electronics,2.0,2500.0,2026-02-19,4.0
244,C0245,Sneha,Joshi,Female,51.0,customer245@gmail.com,9815949852.0,Surat,Gujarat,Headphones,Electronics,3.0,2500.0,2026-01-30,1.0
245,C0246,Diya,Shah,Female,26.0,customer246@gmail.com,9843121540.0,Ahmedabad,Gujarat,Tablet,Electronics,5.0,22000.0,2026-01-03,4.0
246,C0247,Amit,Joshi,Female,50.0,customer247@gmail.com,9871509503.0,Ahmedabad,Gujarat,Tablet,Electronics,3.0,22000.0,2026-02-15,3.0
247,C0248,Rahul,Dave,Male,31.0,customer248@gmail.com,9828458857.0,Vadodara,Gujarat,Mouse,Electronics,1.0,800.0,2026-03-31,4.0
248,C0249,Khushi,Joshi,Male,52.0,customer249@gmail.com,9836906511.0,Rajkot,Gujarat,Laptop,Electronics,1.0,55000.0,2026-03-11,5.0
249,C0250,Tanvi,Dave,Female,22.0,customer250@gmail.com,9865073945.0,Ahmedabad,Gujarat,Mouse,Electronics,4.0,800.0,2026-02-06,5.0
250,C0251,Parth,Dave,Male,38.0,customer251@gmail.com,9829992066.0,Vadodara,Gujarat,Mouse,Electronics,4.0,800.0,2026-03-21,4.0
251,C0252,Mansi,Mehta,Female,48.0,customer252@gmail.com,9851266066.0,Surat,Gujarat,Monitor,Electronics,2.0,12000.0,2026-02-18,5.0
252,C0253,Diya,Soni,Female,49.0,customer253@gmail.com,9877399862.0,Surat,Gujarat,Monitor,Electronics,2.0,12000.0,2026-04-23,2.0
253,C0254,Aditya,Mehta,Male,46.0,customer254@gmail.com,9888140533.0,Surat,Gujarat,Desk,Furniture,4.0,9000.0,2026-02-14,1.0
254,C0255,Manav,Dave,Female,38.0,customer255@gmail.com,9847937226.0,Surat,Gujarat,Chair,Furniture,4.0,7000.0,2026-04-13,2.0
255,C0256,Raj,Joshi,Female,28.0,customer256@gmail.com,9892450685.0,Surat,Gujarat,Tablet,Electronics,5.0,22000.0,2026-04-28,1.0
256,C0257,Komal,Patel,Female,37.0,customer257@gmail.com,9818221252.0,Surat,Gujarat,Keyboard,Electronics,5.0,1500.0,2026-04-03,4.0
257,C0258,Rahul,Dave,Female,28.0,customer258@gmail.com,9836502745.0,Bhavnagar,Gujarat,Laptop,Electronics,5.0,55000.0,2026-01-04,3.0
258,C0259,Sneha,Dave,Female,54.0,customer259@gmail.com,9880760251.0,Rajkot,Gujarat,Laptop,Electronics,1.0,55000.0,2026-04-18,1.0
259,C0260,Ravi,Dave,Male,42.0,customer260@gmail.com,9816423959.0,Vadodara,Gujarat,Desk,Furniture,4.0,9000.0,2026-04-18,4.0
260,C0261,Diya,Dave,Female,46.0,customer261@gmail.com,9862569705.0,Ahmedabad,Gujarat,Desk,Furniture,3.0,9000.0,2026-03-11,1.0
261,C0262,Het,Shah,Female,38.0,customer262@gmail.com,9819322004.0,Ahmedabad,Gujarat,Headphones,Electronics,4.0,2500.0,2026-06-27,3.0
262,C0263,Khushi,Soni,Female,50.0,customer263@gmail.com,9876006681.0,Surat,Gujarat,Desk,Furniture,2.0,9000.0,2026-04-30,5.0
263,C0264,Nikhil,Patel,Male,36.0,customer264@gmail.com,9825851428.0,Surat,Gujarat,Mouse,Electronics,5.0,800.0,2026-02-18,3.0
264,C0265,Anjali,Shah,Male,30.0,customer265@gmail.com,9815403252.0,Bhavnagar,Gujarat,Laptop,Electronics,5.0,55000.0,2026-05-07,1.0
265,C0266,Parth,Patel,Female,35.0,customer266@gmail.com,9827456057.0,Bhavnagar,Gujarat,Desk,Furniture,1.0,9000.0,2026-02-12,1.0
266,C0267,Riya,Patel,Female,24.0,customer267@gmail.com,9850907604.0,Ahmedabad,Gujarat,Laptop,Electronics,2.0,55000.0,2026-01-05,1.0
267,C0268,Parth,Dave,Female,52.0,customer268@gmail.com,9850104523.0,Surat,Gujarat,Mouse,Electronics,2.0,800.0,2026-03-29,3.0
268,C0269,Khushi,Patel,Male,50.0,customer269@gmail.com,9886085630.0,Bhavnagar,Gujarat,Mouse,Electronics,3.0,800.0,2026-03-09,5.0
269,C0270,Parth,Shah,Female,46.0,customer270@gmail.com,9879748793.0,Surat,Gujarat,Desk,Furniture,4.0,9000.0,2026-01-28,1.0
270,C0271,Karan,Mehta,Female,43.0,customer271@gmail.com,9842005216.0,Surat,Gujarat,laptop,Furniture,2.0,9000.0,2026-02-11,3.0
271,C0272,Isha,Joshi,Male,41.0,customer272@gmail.com,9825342276.0,Surat,Gujarat,Chair,Furniture,4.0,7000.0,2026-02-20,4.0
272,C0273,Priya,Soni,Male,46.0,customer273@gmail.com,9881572022.0,Vadodara,Gujarat,Mouse,Electronics,4.0,800.0,2026-05-17,2.0
273,C0274,Meera,Joshi,Female,24.0,customer274@gmail.com,9893110764.0,Ahmedabad,Gujarat,Monitor,Electronics,4.0,12000.0,2026-01-03,2.0
274,C0275,Mansi,Joshi,Male,46.0,customer275@gmail.com,9812843236.0,Bhavnagar,Gujarat,Keyboard,Electronics,1.0,1500.0,2026-01-04,1.0
275,C0276,Nikhil,Soni,Male,34.0,customer276@gmail.com,9860122260.0,Bhavnagar,Gujarat,Monitor,Electronics,3.0,12000.0,2026-06-07,2.0
276,C0277,Priya,Shah,Male,49.0,customer277@gmail.com,9812592536.0,Surat,Gujarat,Monitor,Electronics,4.0,12000.0,2026-05-28,2.0
277,C0278,Parth,Shah,Male,53.0,customer278@gmail.com,9838190067.0,Vadodara,Gujarat,Chair,Furniture,5.0,7000.0,2026-06-27,4.0
278,C0279,Pooja,Shah,Female,29.0,customer279@gmail.com,9870336852.0,Vadodara,Gujarat,Monitor,Electronics,1.0,12000.0,2026-05-11,4.0
279,C0280,Hetal,Shah,Female,39.0,customer280@gmail.com,9869565730.0,Ahmedabad,Gujarat,Chair,Furniture,2.0,7000.0,2026-06-29,1.0
280,C0281,Priya,Mehta,Male,29.0,customer281@gmail.com,9820897034.0,Ahmedbad,Gujarat,Keyboard,Electronics,2.0,1500.0,2026-04-04,3.0
281,C0282,Neha,Mehta,Female,34.0,customer282@gmail.com,9890021414.0,Ahmedabad,Gujarat,Laptop,Electronics,4.0,55000.0,2026-05-28,1.0
282,C0283,Manav,Dave,Female,22.0,customer283@gmail.com,9881415950.0,Rajkot,Gujarat,Tablet,Electronics,3.0,22000.0,2026-01-21,1.0
283,C0284,Arjun,Shah,Female,32.0,customer284@gmail.com,9840912354.0,Vadodara,Gujarat,Headphones,Electronics,5.0,2500.0,2026-03-18,3.0
284,C0285,Harsh,Patel,Male,45.0,customer285@gmail.com,9851040759.0,Surat,Gujarat,Laptop,Electronics,3.0,55000.0,2026-02-15,5.0
285,C0286,Khushi,Shah,Female,37.0,customer286@gmail.com,9856276888.0,Surat,Gujarat,Tablet,Electronics,3.0,22000.0,2026-06-17,1.0
286,C0287,Anjali,Mehta,Female,21.0,customer287@gmail.com,9887337555.0,Surat,Gujarat,Keyboard,Electronics,3.0,1500.0,2026-06-22,3.0
287,C0288,Komal,Dave,Male,37.0,customer288@gmail.com,9850580924.0,Vadodara,Gujarat,Monitor,Electronics,1.0,12000.0,2026-06-13,1.0
288,C0289,Ravi,Joshi,Female,43.0,customer289@gmail.com,9842648168.0,Surat,Gujarat,Tablet,Electronics,1.0,22000.0,2026-03-19,4.0
289,C0290,Anjali,Soni,Female,46.0,customer290@gmail.com,9884313640.0,Ahmedabad,Gujarat,Keyboard,Electronics,4.0,1500.0,2026-04-30,1.0
291,C0292,Anjali,Soni,Male,51.0,customer292@gmail.com,9815994376.0,Bhavnagar,Gujarat,Keyboard,Electronics,4.0,1500.0,2026-03-09,1.0
292,C0293,Sneha,Mehta,Male,26.0,customer293@gmail.com,9863789198.0,Vadodara,Gujarat,Mouse,Electronics,1.0,800.0,2026-04-15,2.0
293,C0294,Yash,Dave,Female,40.0,customer294@gmail.com,9842436728.0,Bhavnagar,Gujarat,Monitor,Electronics,5.0,12000.0,2026-06-06,4.0
294,C0295,Raj,Joshi,Female,46.0,customer295@gmail.com,9864441451.0,Vadodara,Gujarat,Desk,Furniture,4.0,9000.0,2026-06-11,1.0
