employee_id,name,email,age,gender,department,salary,city,joining_date
1,Neha Joshi,neha.joshi1@example.com,21,Male,Finance,73598,Ahmedabad,2025-03-17
2,Neha Joshi,neha.joshi2@example.com,42,Male,Marketing,73540,Gondal,2025-08-09
3,  Rohan Mehta  ,diya.shah3@example.com,21,Male,HR,31140,Gondal,2025-01-18
4,,riya.shah4@example.com,27,Female,Marketing,71925,Ahmedabad,2025-08-22
5,Dev Patel,dev.patel5@example.com,29,Male,IT,78046,Vadodara,2025-06-28
6,Rahul Modi,rahul.modi6@example.com,25,male,Finance,39110,Rajkot,2025-07-18
7,Neha Joshi,neha.joshi7@example.com,32,Female,Finance,80541,Rajkot,2025-08-28
8,Riya Shah,,24,Male,Sales,88774,Gondal,2025-06-04
9,Isha Mehta,isha.mehta9@example.com,32,Male,HR,62837,Rajkot,2025-05-01
10,Sita Pandya,invalid-email,23,Male,HR,81054,Vadodara,2025-05-27
11,Arjun Joshi,arjun.joshi11@example.com,41,M,Finance,79664,Surat,2025-07-05
12,Yash Parmar,yash.parmar12@example.com,29,Male,IT,42496,Gondal,2025-05-10
13,Priya Trivedi,priya.trivedi13@example.com,35,Male,Finance,,Surat,2025-02-02
14,Mansi Dave,mansi.dave14@example.com,22,Female,Finance,77759,Surat,2025-02-07
15,Yash Parmar,yash.parmar15@example.com,39,Male,Finance,82433, Ahmedabad ,2025-07-26
16,Arjun Joshi,arjun.joshi16@example.com,25,FEMALE,HR,42359,Gondal,2025-10-07
17,Rahul Modi,rahul.modi17@example.com,thirty,Female,Sales,63311,Surat,2025-04-27
18,Karan Desai,karan.desai18@example.com,37,Male,IT,57343,Rajkot,2025-03-24
19,Priya Trivedi,priya.trivedi19@example.com,42,Male,,52666,Vadodara,2025-07-19
20,Isha Mehta,isha.mehta20@example.com,35,Male,Finance,59676,Rajkot,2025-10-06
21,Rahul Modi,abc@,45,Male,Finance,67006,Surat,2025-08-15
22,Priya Trivedi,priya.trivedi22@example.com,35,Male,Finance,25212,Gondal,15/04/2025
23,Sita Pandya,sita.pandya23@example.com,41,female,Marketing,58270,Ahmedabad,2025-07-15
24,Priya Trivedi,priya.trivedi24@example.com,38,Male,Marketing,87488,Gondal,2025-06-19
25,Kavya Parmar,kavya.parmar25@example.com,21,Female,Finance,32331,Ahmedabad,2025-02-03
26,Mansi Dave,mansi.dave26@example.com,,Male,IT,87059,Vadodara,2025-02-09
27,Riya Shah,riya.shah27@example.com,45,Female,HR,33241,Gondal,2025-03-30
28,Rahul Modi,rahul.modi28@example.com,37,Female,Marketing,55000,Ahmedabad,2025-10-08
29,Yash Parmar,yash.parmar29@example.com,43,Female,Sales,45428,Vadodara,2025.06.20
30,Arjun Joshi,arjun.joshi30@example.com,24,Male,HR,41246,Surat,2025-01-15
31,Dev Patel,dev.patel31@example.com,38,Male,it,40080,Rajkot,2025-02-10
32,Diya Shah,diya.shah32@example.com,28,Female,IT ,29417,Rajkot,2025-09-25
33,Mansi Dave,mansi.dave33@example.com,29,Male,hr,68842,Gondal,2025-03-13
34,Dev Patel,dev.patel34@example.com,39,Female,HR,55976,Vadodara,2025-04-12
35,Neha Joshi,neha.joshi35@example.com,24,Female,Sales,68187,Vadodara,2025-08-03
36,Arjun Joshi,missingdomain.com,44,Male,IT,28550,Vadodara,2025-06-27
37,Neha Joshi,neha.joshi37@example.com,28,Female,HR,37556,Ahmedabad,2025-08-09
38,Priya Trivedi,priya.trivedi38@example.com,29,Male,HR,55318,Vadodara,invalid-date
39,Neha Joshi,neha.joshi39@example.com,22,Male,Marketing,67738,Rajkot,2025-05-06
40,Priya Trivedi,priya.trivedi40@example.com,34,Male,Sales,56826,Vadodara,2025-02-04
41,Priya Trivedi,priya.trivedi41@example.com,33,Female,Sales,not available,Vadodara,2025-05-31
42,Pooja Desai,pooja.desai42@example.com,43,Female,Marketing,87738,Ahmedabad,2025-04-12
43,Sita Pandya,sita.pandya43@example.com,27,Male,IT,88485,Surat,2025-02-03
44,Diya Shah,diya.shah44@example.com,39,Male,Marketing,56246,Rajkot,2025-09-22
45,Rohan Mehta,rohan.mehta45@example.com,26,Male,Marketing,29490,Ahmedabad,2025-07-30
46,Neha Joshi,neha.joshi46@example.com,39,Male,Marketing,999999,Gondal,2025-02-15
47,Pooja Desai,pooja.desai47@example.com,42,Female,Marketing,63251,Surat,2025-04-19
48,Jay Shah,jay.shah48@example.com,28,Male,Sales,42407,Surat,2025-08-27
49,Jay Shah,jay.shah49@example.com,45,Male,IT,86324,Vadodara,2025-10-20
50,Neha Joshi,neha.joshi50@example.com,23,Female,HR,60234,Ahmedabad,2025-07-02
51,Rohan Mehta,rohan.mehta51@example.com,150,Male,Finance,49217,Vadodara,2025-10-10
52,Sita Pandya,sita.pandya52@example.com,40,Male,Marketing,89477,Gondal,2025-06-07
53,Neha Joshi,neha.joshi53@example.com,25,Male,IT,42332,Gondal,2025-03-25
54,Rahul Modi,rahul.modi54@example.com,30,Female,HR,64638,Ahmedabad,2025-05-20
55,Harsh Dave,harsh.dave55@example.com,36,Male,IT,41457,Vadodara,2025-05-26
56,Diya Shah,diya.shah56@example.com,-5,Female,HR,46859,Ahmedabad,2025-08-19
57,Riya Shah,riya.shah57@example.com,43,Male,Marketing,53028,Rajkot,2025-02-12
58,Karan Desai,karan.desai58@example.com,38,Male,Finance,27361,Vadodara,2025-03-11
59,Diya Shah,diya.shah59@example.com,30,Female,IT,48897,Ahmedabad,2025-05-12
60,Neha Joshi,neha.joshi60@example.com,32,Female,Marketing,76125,Gondal,2025-03-25
61,Mansi Dave,mansi.dave61@example.com,26,Female,HR,88976,Rajkot,2025-04-06
62,Jay Shah,jay.shah62@example.com,34,Female,HR,77575,Ahmedabad,2025-03-01
63,Vivek Mehta,vivek.mehta63@example.com,22,Male,Sales,81268,Ahmedabad,2025-08-28
64,Nisha Patel,nisha.patel64@example.com,30,Male,HR,78774,Rajkot,2025-04-13
65,Vivek Mehta,vivek.mehta65@example.com,31,Female,IT,43258,Surat,2025-09-22
66,Vivek Mehta,vivek.mehta66@example.com,42,Female,Marketing,89300,Rajkot,2025-03-05
67,Rahul Modi,rahul.modi67@example.com,26,Male,Finance,63049,Rajkot,2025-08-15
68,Nisha Patel,nisha.patel68@example.com,44,Female,Finance,76539,Gondal,2025-09-23
69,Neha Joshi,neha.joshi69@example.com,33,Male,Marketing,83949,Surat,2025-01-27
70,Pooja Desai,pooja.desai70@example.com,21,Male,Marketing,59073,Surat,2025-08-13
71,Rohan Mehta,rohan.mehta71@example.com,42,Female,Finance,85343,Rajkot,2025-06-07
72,Harsh Dave,harsh.dave72@example.com,30,Female,Sales,68705,Vadodara,2025-06-05
73,Riya Shah,riya.shah73@example.com,25,Female,Sales,37572,Ahmedabad,2025-10-23
74,Sita Pandya,sita.pandya74@example.com,33,Female,IT,60909,Surat,2025-04-22
75,Pooja Desai,pooja.desai75@example.com,39,Female,Finance,64758,Vadodara,2025-08-19
76,Yash Parmar,yash.parmar76@example.com,37,Male,HR,56010,Surat,2025-09-25
77,Isha Mehta,isha.mehta77@example.com,31,Female,HR,31120,Ahmedabad,2025-04-16
78,Karan Desai,karan.desai78@example.com,21,Female,HR,28028,Gondal,2025-02-11
79,Arjun Joshi,arjun.joshi79@example.com,34,Male,Marketing,83073,Vadodara,2025-09-15
80,Vivek Mehta,vivek.mehta80@example.com,28,Male,IT,34671,Vadodara,2025-04-27
81,Priya Trivedi,priya.trivedi81@example.com,43,Male,Sales,58944,Gondal,2025-05-12
82,Neha Joshi,neha.joshi82@example.com,35,Female,Sales,33738,Vadodara,2025-09-20
83,Pooja Desai,pooja.desai83@example.com,38,Female,HR,54223,Vadodara,2025-05-17
84,Mansi Dave,mansi.dave84@example.com,41,Female,Marketing,43173,Ahmedabad,2025-05-25
85,Arjun Joshi,arjun.joshi85@example.com,23,Male,Finance,71762,Surat,2025-06-25
86,Jay Shah,jay.shah86@example.com,38,Male,HR,30280,Ahmedabad,2025-07-20
87,Karan Desai,karan.desai87@example.com,43,Female,IT,39021,Vadodara,2025-06-23
88,Riya Shah,riya.shah88@example.com,35,Male,IT,52248,Vadodara,2025-07-23
89,Dev Patel,dev.patel89@example.com,43,Female,Marketing,26280,Vadodara,2025-01-08
90,Nisha Patel,nisha.patel90@example.com,30,Female,Sales,74379,Gondal,2025-10-11
10,Sita Pandya,invalid-email,23,Male,HR,81054,Vadodara,2025-05-27
21,Rahul Modi,abc@,45,Male,Finance,67006,Surat,2025-08-15
31,Dev Patel,dev.patel31@example.com,38,Male,it,40080,Rajkot,2025-02-10
